Time,Locus,NewAllele,RegionMembership,MutationRateClass
Time,Locus,FixedAllele,RegionMembership
106,19,1,0,0
133,39,1,1,1
184,7,1,0,0
230,28,1,1,1
500,26,1,1,1
653,13,1,0,0
810,18,1,0,0
857,34,1,1,1
864,19,1,0,0
982,36,1,1,1
1089,17,1,0,0
1202,33,1,1,1
1220,3,1,0,0
1300,2,1,0,0
1386,30,1,1,1
1471,28,1,1,1
1515,2,1,0,0
1521,34,1,1,1
1585,26,1,1,1
1710,5,1,0,0
1748,23,1,1,1
1816,0,1,0,0
2017,36,1,1,1
2024,2,1,0,0
2070,2,1,0,0
2147,10,1,0,0
2158,26,1,1,1
2381,38,1,1,1
2431,7,1,0,0
2518,7,1,0,0
2818,22,1,1,1
2842,29,1,1,1
2922,23,1,1,1
3059,23,1,1,1
3066,22,1,1,1
3229,0,1,0,0
3411,6,1,0,0
3479,2,1,0,0
3753,25,1,1,1
3911,16,1,0,0
4050,38,1,1,1
4123,35,1,1,1
4237,3,1,0,0
4360,33,1,1,1
4607,29,1,1,1
4628,30,1,1,1
4975,20,1,1,1
5064,14,1,0,0
5064,38,1,1,1
5193,25,1,1,1
5286,38,1,1,1
5332,18,1,0,0
5701,16,1,0,0
5894,19,1,0,0
6003,32,1,1,1
6037,2,1,0,0
6087,12,1,0,0
6164,30,1,1,1
6279,6,1,0,0
6309,29,1,1,1
6404,7,1,0,0
6550,1,1,0,0
6721,16,1,0,0
6783,22,1,1,1
7189,24,1,1,1
7241,0,1,0,0
7278,7,1,0,0
7302,18,1,0,0
7351,5,1,0,0
7452,32,1,1,1
7515,20,1,1,1
7975,28,1,1,1
8295,32,1,1,1
8418,38,1,1,1
8572,25,1,1,1
8844,4,1,0,0
8975,39,1,1,1
8996,17,1,0,0
9199,34,1,1,1
9201,13,1,0,0
9300,35,1,1,1
9317,33,1,1,1
9464,33,1,1,1
9634,1,1,0,0
9651,10,1,0,0
9663,14,1,0,0
9710,37,1,1,1
9818,12,1,0,0
